{"cameraMode":{"drawMode":0,"name":"Shaded","section":"Shading Mode"},"sceneLighting":true,"audioPlay":false,"sceneViewState":{"showFog":false,"showMaterialUpdate":false,"showSkybox":true,"showFlares":false,"showImageEffects":false,"showParticleSystems":false},"in2DMode":false,"pivot":{"x":0.27044376730918887,"y":3.2659149169921877,"z":-20.5447940826416},"rotation":{"x":-0.1938410848379135,"y":0.04850054159760475,"z":-0.00962349958717823,"w":-0.9798390865325928},"size":0.5352121591567993,"orthographic":false}