{"cameraMode":{"drawMode":0,"name":"Shaded","section":"Shading Mode"},"sceneLighting":true,"audioPlay":false,"sceneViewState":{"showFog":false,"showMaterialUpdate":false,"showSkybox":false,"showFlares":false,"showImageEffects":false,"showParticleSystems":false},"in2DMode":false,"pivot":{"x":-0.9073916077613831,"y":-0.8899410367012024,"z":0.0636548399925232},"rotation":{"x":-0.002234221901744604,"y":-0.9644853472709656,"z":0.26413795351982119,"w":-0.00808885507285595},"size":2.5043206214904787,"orthographic":false}