{"cameraMode":{"drawMode":0,"name":"Shaded","section":"Shading Mode"},"sceneLighting":true,"audioPlay":false,"sceneViewState":{"showFog":false,"showMaterialUpdate":false,"showSkybox":false,"showFlares":false,"showImageEffects":false,"showParticleSystems":false},"in2DMode":false,"pivot":{"x":-0.9578757286071777,"y":-0.04618048667907715,"z":3.5807547569274904},"rotation":{"x":0.16688565909862519,"y":-0.3186814785003662,"z":0.0571146234869957,"w":0.9313431978225708},"size":2.5642290115356447,"orthographic":false}