{"cameraMode":{"drawMode":0,"name":"Shaded","section":"Shading Mode"},"sceneLighting":false,"audioPlay":false,"sceneViewState":{"showFog":false,"showMaterialUpdate":false,"showSkybox":false,"showFlares":false,"showImageEffects":false,"showParticleSystems":false},"in2DMode":false,"pivot":{"x":-0.6235224604606628,"y":0.8651015162467957,"z":-0.1328624039888382},"rotation":{"x":-0.023638900369405748,"y":0.9748043417930603,"z":-0.1267700046300888,"w":-0.1822631061077118},"size":2.012202024459839,"orthographic":false}