{"cameraMode":{"drawMode":0,"name":"Shaded","section":"Shading Mode"},"sceneLighting":true,"audioPlay":false,"sceneViewState":{"showFog":false,"showMaterialUpdate":false,"showSkybox":true,"showFlares":false,"showImageEffects":false,"showParticleSystems":false},"in2DMode":false,"pivot":{"x":-70.5822525024414,"y":-4.481849670410156,"z":36.648128509521487},"rotation":{"x":-0.06252191215753555,"y":0.5779367089271545,"z":-0.04448942467570305,"w":-0.8124901652336121},"size":39.29148483276367,"orthographic":false}