{"cameraMode":{"drawMode":0,"name":"Shaded","section":"Shading Mode"},"sceneLighting":true,"audioPlay":false,"sceneViewState":{"showFog":false,"showMaterialUpdate":false,"showSkybox":true,"showFlares":false,"showImageEffects":false,"showParticleSystems":false},"in2DMode":false,"pivot":{"x":-3.9062705039978029,"y":-1.0391769409179688,"z":-1.9094233512878419},"rotation":{"x":-0.1533464938402176,"y":0.10500898957252503,"z":-0.016321543604135515,"w":-0.9825810790061951},"size":11.925186157226563,"orthographic":false}