{"cameraMode":{"drawMode":0,"name":"Shaded","section":"Shading Mode"},"sceneLighting":true,"audioPlay":false,"sceneViewState":{"showFog":false,"showMaterialUpdate":false,"showSkybox":true,"showFlares":false,"showImageEffects":false,"showParticleSystems":false},"in2DMode":false,"pivot":{"x":0.9320058822631836,"y":2.136873483657837,"z":-15.208012580871582},"rotation":{"x":-0.14183443784713746,"y":0.2879756987094879,"z":-0.043201085180044177,"w":-0.9461432099342346},"size":2.1671628952026369,"orthographic":false}