{"cameraMode":{"drawMode":0,"name":"Shaded","section":"Shading Mode"},"sceneLighting":false,"audioPlay":false,"sceneViewState":{"showFog":false,"showMaterialUpdate":false,"showSkybox":false,"showFlares":false,"showImageEffects":false,"showParticleSystems":false},"in2DMode":false,"pivot":{"x":0.18911433219909669,"y":2.0,"z":0.07505294680595398},"rotation":{"x":-0.41096600890159609,"y":-0.3926929831504822,"z":0.20234152674674989,"w":-0.7975231409072876},"size":2.012202024459839,"orthographic":false}