{"cameraMode":{"drawMode":0,"name":"Shaded","section":"Shading Mode"},"sceneLighting":true,"audioPlay":false,"sceneViewState":{"showFog":false,"showMaterialUpdate":false,"showSkybox":true,"showFlares":false,"showImageEffects":false,"showParticleSystems":false},"in2DMode":false,"pivot":{"x":23.74972915649414,"y":-3.200894355773926,"z":31.434053421020509},"rotation":{"x":0.10512207448482514,"y":0.45909756422042849,"z":-0.05476938933134079,"w":0.8804858326911926},"size":30.032318115234376,"orthographic":false}