{"cameraMode":{"drawMode":0,"name":"Shaded","section":"Shading Mode"},"sceneLighting":true,"audioPlay":false,"sceneViewState":{"showFog":false,"showMaterialUpdate":false,"showSkybox":true,"showFlares":false,"showImageEffects":false,"showParticleSystems":false},"in2DMode":false,"pivot":{"x":-6.837137222290039,"y":10.716205596923829,"z":2.3636999130249025},"rotation":{"x":0.22687101364135743,"y":0.3558354377746582,"z":-0.08939652889966965,"w":0.9022768139839172},"size":7.497873306274414,"orthographic":false}