{"cameraMode":{"drawMode":0,"name":"Shaded","section":"Shading Mode"},"sceneLighting":true,"audioPlay":false,"sceneViewState":{"showFog":false,"showMaterialUpdate":false,"showSkybox":true,"showFlares":false,"showImageEffects":false,"showParticleSystems":false},"in2DMode":false,"pivot":{"x":-15.479811668395996,"y":-2.968560218811035,"z":15.799300193786621},"rotation":{"x":0.11472631990909577,"y":-0.3579709529876709,"z":0.044364314526319507,"w":0.9256678223609924},"size":23.39487648010254,"orthographic":false}