{"cameraMode":{"drawMode":0,"name":"Shaded","section":"Shading Mode"},"sceneLighting":true,"audioPlay":false,"sceneViewState":{"showFog":false,"showMaterialUpdate":false,"showSkybox":true,"showFlares":false,"showImageEffects":false,"showParticleSystems":false},"in2DMode":false,"pivot":{"x":-19.410253524780275,"y":7.3178863525390629,"z":-5.925520896911621},"rotation":{"x":0.20277276635169984,"y":0.6036787629127502,"z":-0.16241024434566499,"w":0.7537168860435486},"size":10.0,"orthographic":false}