{"cameraMode":{"drawMode":0,"name":"Shaded","section":"Shading Mode"},"sceneLighting":true,"audioPlay":false,"sceneViewState":{"showFog":false,"showMaterialUpdate":false,"showSkybox":true,"showFlares":false,"showImageEffects":false,"showParticleSystems":false},"in2DMode":false,"pivot":{"x":0.4741939604282379,"y":2.7941505908966066,"z":-14.939970016479493},"rotation":{"x":-0.23026205599308015,"y":-0.6636393070220947,"z":0.22641398012638093,"w":-0.6748226284980774},"size":7.125149726867676,"orthographic":false}