{"cameraMode":{"drawMode":0,"name":"Shaded","section":"Shading Mode"},"sceneLighting":false,"audioPlay":false,"sceneViewState":{"showFog":false,"showMaterialUpdate":false,"showSkybox":false,"showFlares":false,"showImageEffects":false,"showParticleSystems":false},"in2DMode":false,"pivot":{"x":-16.141647338867189,"y":1.5039708614349366,"z":-5.821420669555664},"rotation":{"x":-0.20024079084396363,"y":-0.4923355281352997,"z":0.1175125315785408,"w":-0.8388949036598206},"size":0.2515641748905182,"orthographic":false}