{"cameraMode":{"drawMode":0,"name":"Shaded","section":"Shading Mode"},"sceneLighting":false,"audioPlay":false,"sceneViewState":{"showFog":false,"showMaterialUpdate":false,"showSkybox":false,"showFlares":false,"showImageEffects":false,"showParticleSystems":false},"in2DMode":false,"pivot":{"x":1.2577729225158692,"y":3.289581060409546,"z":0.5794879198074341},"rotation":{"x":-0.22498396039009095,"y":-0.4580513536930084,"z":0.1209988072514534,"w":-0.8514794111251831},"size":2.012202024459839,"orthographic":false}