{"cameraMode":{"drawMode":0,"name":"Shaded","section":"Shading Mode"},"sceneLighting":true,"audioPlay":false,"sceneViewState":{"showFog":false,"showMaterialUpdate":false,"showSkybox":true,"showFlares":false,"showImageEffects":false,"showParticleSystems":false},"in2DMode":false,"pivot":{"x":-4.078145980834961,"y":-5.911074638366699,"z":12.497703552246094},"rotation":{"x":-0.1391398161649704,"y":0.05787276104092598,"z":-0.00807834230363369,"w":-0.9886993765830994},"size":15.08645248413086,"orthographic":false}