{"cameraMode":{"drawMode":0,"name":"Shaded","section":"Shading Mode"},"sceneLighting":true,"audioPlay":false,"sceneViewState":{"showFog":false,"showMaterialUpdate":false,"showSkybox":true,"showFlares":false,"showImageEffects":false,"showParticleSystems":false},"in2DMode":false,"pivot":{"x":-0.6864309310913086,"y":2.5236408710479738,"z":4.239709854125977},"rotation":{"x":-0.058462146669626239,"y":0.10310220718383789,"z":-0.006127134431153536,"w":-0.9930614829063416},"size":11.925186157226563,"orthographic":false}