{"cameraMode":{"drawMode":0,"name":"Shaded","section":"Shading Mode"},"sceneLighting":true,"audioPlay":false,"sceneViewState":{"showFog":false,"showMaterialUpdate":false,"showSkybox":true,"showFlares":false,"showImageEffects":false,"showParticleSystems":false},"in2DMode":false,"pivot":{"x":-0.481112003326416,"y":0.21451637148857118,"z":-15.23336410522461},"rotation":{"x":-0.0002907152520492673,"y":0.9988172054290772,"z":-0.048289623111486438,"w":-0.006008023861795664},"size":10.0,"orthographic":false}