{"cameraMode":{"drawMode":0,"name":"Shaded","section":"Shading Mode"},"sceneLighting":false,"audioPlay":false,"sceneViewState":{"showFog":false,"showMaterialUpdate":false,"showSkybox":false,"showFlares":false,"showImageEffects":false,"showParticleSystems":false},"in2DMode":false,"pivot":{"x":2.299999952316284,"y":2.299999952316284,"z":-9.199999809265137},"rotation":{"x":-0.13291825354099275,"y":0.41952189803123476,"z":-0.062277331948280337,"w":-0.8958579897880554},"size":3.9247446060180666,"orthographic":false}