{"cameraMode":{"drawMode":0,"name":"Shaded","section":"Shading Mode"},"sceneLighting":true,"audioPlay":false,"sceneViewState":{"showFog":false,"showMaterialUpdate":false,"showSkybox":true,"showFlares":false,"showImageEffects":false,"showParticleSystems":false},"in2DMode":false,"pivot":{"x":0.2589101791381836,"y":0.36454564332962038,"z":5.826391696929932},"rotation":{"x":0.21162085235118867,"y":-0.02608063817024231,"z":0.005648091435432434,"w":0.9769927263259888},"size":10.0,"orthographic":false}