{"cameraMode":{"drawMode":0,"name":"Shaded","section":"Shading Mode"},"sceneLighting":true,"audioPlay":false,"sceneViewState":{"showFog":false,"showMaterialUpdate":false,"showSkybox":true,"showFlares":false,"showImageEffects":false,"showParticleSystems":false},"in2DMode":false,"pivot":{"x":2.848050594329834,"y":-1.0466973781585694,"z":5.062597274780273},"rotation":{"x":0.3027728796005249,"y":0.034597281366586688,"z":-0.011000823229551316,"w":0.9523755311965942},"size":10.0,"orthographic":false}