{"cameraMode":{"drawMode":0,"name":"Shaded","section":"Shading Mode"},"sceneLighting":false,"audioPlay":false,"sceneViewState":{"showFog":false,"showMaterialUpdate":false,"showSkybox":false,"showFlares":false,"showImageEffects":false,"showParticleSystems":false},"in2DMode":false,"pivot":{"x":-16.208566665649415,"y":1.5175384283065797,"z":-5.721137523651123},"rotation":{"x":-0.20062260329723359,"y":-0.3775996267795563,"z":0.08415930718183518,"w":-0.9000726938247681},"size":0.2515641748905182,"orthographic":false}