{"cameraMode":{"drawMode":0,"name":"Shaded","section":"Shading Mode"},"sceneLighting":false,"audioPlay":false,"sceneViewState":{"showFog":false,"showMaterialUpdate":false,"showSkybox":false,"showFlares":false,"showImageEffects":false,"showParticleSystems":false},"in2DMode":false,"pivot":{"x":-19.410253524780275,"y":7.3178863525390629,"z":-5.925520896911621},"rotation":{"x":-0.15529146790504456,"y":0.4920560419559479,"z":-0.08970009535551071,"w":-0.8519106507301331},"size":0.39837145805358889,"orthographic":false}