{"cameraMode":{"drawMode":0,"name":"Shaded","section":"Shading Mode"},"sceneLighting":true,"audioPlay":false,"sceneViewState":{"showFog":false,"showMaterialUpdate":false,"showSkybox":true,"showFlares":false,"showImageEffects":false,"showParticleSystems":false},"in2DMode":false,"pivot":{"x":-7.143189430236816,"y":10.518783569335938,"z":2.4967918395996095},"rotation":{"x":0.23471927642822267,"y":0.3443232476711273,"z":-0.08925320953130722,"w":0.9047468900680542},"size":7.497873306274414,"orthographic":false}