{"cameraMode":{"drawMode":0,"name":"Shaded","section":"Shading Mode"},"sceneLighting":true,"audioPlay":false,"sceneViewState":{"showFog":false,"showMaterialUpdate":false,"showSkybox":true,"showFlares":false,"showImageEffects":false,"showParticleSystems":false},"in2DMode":false,"pivot":{"x":1.8886781930923463,"y":-5.5825018882751469,"z":9.198661804199219},"rotation":{"x":0.29588985443115237,"y":0.1301598697900772,"z":-0.04073681682348251,"w":0.9454398155212402},"size":10.0,"orthographic":false}