{"cameraMode":{"drawMode":0,"name":"Shaded","section":"Shading Mode"},"sceneLighting":true,"audioPlay":false,"sceneViewState":{"showFog":false,"showMaterialUpdate":false,"showSkybox":false,"showFlares":false,"showImageEffects":false,"showParticleSystems":false},"in2DMode":false,"pivot":{"x":0.0,"y":0.13999998569488526,"z":0.8450000286102295},"rotation":{"x":0.22593948245048524,"y":-0.5508298873901367,"z":0.15799640119075776,"w":0.7878098487854004},"size":2.5175435543060304,"orthographic":false}