{"cameraMode":{"drawMode":0,"name":"Shaded","section":"Shading Mode"},"sceneLighting":true,"audioPlay":false,"sceneViewState":{"showFog":false,"showMaterialUpdate":false,"showSkybox":true,"showFlares":false,"showImageEffects":false,"showParticleSystems":false},"in2DMode":false,"pivot":{"x":80.56222534179688,"y":-162.2834930419922,"z":634.700927734375},"rotation":{"x":0.1272382140159607,"y":0.061614084988832477,"z":-0.007764608599245548,"w":0.9900314807891846},"size":331.6866149902344,"orthographic":false}