{"cameraMode":{"drawMode":0,"name":"Shaded","section":"Shading Mode"},"sceneLighting":true,"audioPlay":false,"sceneViewState":{"showFog":false,"showMaterialUpdate":false,"showSkybox":true,"showFlares":false,"showImageEffects":false,"showParticleSystems":false},"in2DMode":false,"pivot":{"x":-15.235696792602539,"y":2.1390559673309328,"z":18.577627182006837},"rotation":{"x":-0.001183442072942853,"y":-0.19727787375450135,"z":-0.00015725119737908244,"w":0.9805065989494324},"size":19.499099731445314,"orthographic":false}