{"cameraMode":{"drawMode":0,"name":"Shaded","section":"Shading Mode"},"sceneLighting":true,"audioPlay":false,"sceneViewState":{"showFog":false,"showMaterialUpdate":false,"showSkybox":true,"showFlares":false,"showImageEffects":false,"showParticleSystems":false},"in2DMode":false,"pivot":{"x":-2.2445895671844484,"y":1.3759679794311524,"z":-12.796703338623047},"rotation":{"x":0.06741651892662049,"y":-0.4033617377281189,"z":0.029892075806856157,"w":0.9121249914169312},"size":2.635211944580078,"orthographic":false}